,Velocidad (km/h),Método,Distancia (m),Tiempo (min)
0,24,Nearest Neighbor,45745.73120864561,114.36432802161401
1,24,Fixed Order,45745.73120864561,114.36432802161401
2,30,Nearest Neighbor,45745.73120864561,91.49146241729122
3,30,Fixed Order,45745.73120864561,91.49146241729122
4,36,Nearest Neighbor,45745.73120864561,76.24288534774269
5,36,Fixed Order,45745.73120864561,76.24288534774269
