,distance,expanded_nodes,path_length
BFS,4724.836922918532,6208.0,51.0
DFS,333590.1564414907,15387.0,3597.0
Dijkstra,4410.819951334969,44431.0,56.0
A*,4480.17483940192,772.0,58.0
